{
  "accuracy": 0.7517006802721088,
  "precision": 0.3488372093023256,
  "recall": 0.6382978723404256,
  "f1": 0.45112781954887216,
  "roc_auc": 0.8031699543457662
}